,index,date,duration,item,month,network
0,0,15/10/2014 06:58,34.429,data,2014-11,Tesco
1,1,15/10/2014 06:58,13.0,,2014-11,Vodafone
2,2,15/10/2014 14:46,23.0,call,2014-11,Meter
3,3,15/10/2014 14:48,4.0,call,2014-11,Tesco
4,4,15/10/2014 17:27,4.0,call,2014-11,Tescoss
5,5,15/10/2014 18:55,4.0,call,2014-11,Tesco
6,6,16/10/2014 06:58,34.429,data,2014-11,Tesco
9,9,16/10/2014 15:30,19.0,call,2014-11,Tesco
11,11,16/10/2014 22:18,,sms,2014-11,Meteor
12,12,16/10/2014 22:21,1.0,sms,2014-11,Meteor
13,13,17/10/2014 06:58,34.429,data,2014-11,Tesco
14,14,17/10/2014 10:53,1.0,sms,2014-11,Tescos
15,15,17/10/2014 11:19,1.0,sms,2014-11,Tesco
16,16,17/10/2014 11:20,1.0,sms,2014-11,Meteor
17,17,17/10/2014 17:22,1.0,sms,2014-11,Vodafone
18,18,17/10/2014 17:23,,sms,2014-11,Vodafone
19,19,17/10/2014 17:26,92.0,call,2014-11,Three
20,20,17/10/2014 17:29,4.0,call,2014-11,Vodafone
21,21,17/10/2014 17:30,375.0,call,2014-11,Tesco
22,22,17/10/2014 17:42,1.0,sms,2014-11,Vodafone
23,23,17/10/2014 17:44,1.0,sms,2014-11,Vodafone
24,24,17/10/2014 17:44,1.0,sms,2014-11,Vodafone
25,25,17/10/2014 17:44,1.0,sms,2014-11,Vodafone
26,26,18/10/2014 06:58,34.429,data,2014-11,Tesco
28,28,18/10/2014 12:06,4.0,call,2014-11,Vodafone
29,29,18/10/2014 12:06,3.0,call,2014-11,Vodafone
30,30,18/10/2014 13:08,101.0,call,2014-11,Vodafone
32,32,18/10/2014 14:01,96.0,call,2014-11,Tesco
33,33,18/10/2014 18:52,1.0,sms,2014-11,Vodafone
34,34,18/10/2014 20:44,384.0,call,2014-11,Three
35,35,18/10/2014 21:04,4.0,call,2014-11,Three
36,36,18/10/2014 21:06,1.0,sms,2014-11,Three
37,37,18/10/2014 21:23,1.0,sms,2014-11,Vodafone
38,38,18/10/2014 22:37,1.0,sms,2014-11,Three
39,39,19/10/2014 06:58,34.429,data,2014-11,Tesco
40,40,19/10/2014 14:47,53.0,call,2014-11,Three
41,41,19/10/2014 15:46,86.0,call,2014-11,Tesco
42,42,19/10/2014 16:21,23.0,call,2014-11,Three
43,43,19/10/2014 16:30,38.0,call,2014-11,Three
44,44,19/10/2014 20:25,428.0,call,2014-11,Three
45,45,20/10/2014 06:58,34.429,data,2014-11,Tesco
46,46,20/10/2014 09:43,69.0,call,2014-11,Tesco
47,47,20/10/2014 09:43,18.0,call,2014-11,Tesco
48,48,20/10/2014 13:55,3.0,call,2014-11,Vodafone
49,49,20/10/2014 13:56,6.0,call,2014-11,Tesco
50,50,20/10/2014 18:14,5.0,call,2014-11,Tesco
51,51,20/10/2014 18:24,131.0,call,2014-11,Vodafone
52,52,20/10/2014 19:59,1.0,sms,2014-11,Vodafone
53,53,20/10/2014 20:16,1.0,sms,2014-11,Vodafone
54,54,21/10/2014 06:58,34.429,data,2014-11,Tesco
55,55,21/10/2014 16:17,550.0,call,2014-11,Three
56,56,22/10/2014 06:58,34.429,data,2014-11,Tesco
57,57,22/10/2014 12:04,7.0,call,2014-11,Three
58,58,23/10/2014 06:58,34.429,data,2014-11,Tesco
60,60,23/10/2014 09:45,281.0,call,2014-11,Meteor
61,61,23/10/2014 10:46,1.0,sms,2014-11,Tesco
62,62,23/10/2014 10:54,1.0,sms,2014-11,Vodafone
63,63,23/10/2014 11:17,1.0,sms,2014-11,Vodafone
64,64,23/10/2014 11:25,24.0,call,2014-11,Vodafone
65,65,23/10/2014 17:48,263.0,call,2014-11,Meteor
66,66,24/10/2014 06:58,34.429,data,2014-11,Tesco
67,67,24/10/2014 13:35,1.0,sms,2014-11,Vodafone
68,68,24/10/2014 13:39,1.0,sms,2014-11,Vodafone
69,69,24/10/2014 13:39,1.0,sms,2014-11,Vodafone
70,70,24/10/2014 13:47,1.0,sms,2014-11,Vodafone
71,71,24/10/2014 13:48,1.0,sms,2014-11,Vodafone
72,72,24/10/2014 13:50,1.0,sms,2014-11,Vodafone
73,73,24/10/2014 13:57,1.0,sms,2014-11,Vodafone
74,74,24/10/2014 13:57,1.0,sms,2014-11,Vodafone
75,75,24/10/2014 14:20,1.0,sms,2014-11,Three
76,76,24/10/2014 14:27,1.0,sms,2014-11,Vodafone
77,77,24/10/2014 18:29,1.0,sms,2014-11,Vodafone
78,78,24/10/2014 18:33,387.0,call,2014-11,Tesco
79,79,24/10/2014 18:40,1.0,sms,2014-11,Vodafone
80,80,25/10/2014 06:58,34.429,data,2014-11,Tesco
81,81,26/10/2014 06:58,34.429,data,2014-11,Tesco
82,82,26/10/2014 14:51,4.0,call,2014-11,Three
84,84,26/10/2014 21:22,28.0,call,2014-11,Meteor
85,85,26/10/2014 21:38,62.0,call,2014-11,Three
86,86,27/10/2014 01:45,3.0,call,2014-11,Tesco
87,87,27/10/2014 06:58,34.429,data,2014-11,Tesco
88,88,27/10/2014 11:03,146.0,call,2014-11,Three
89,89,27/10/2014 16:30,48.0,call,2014-11,Three
91,91,27/10/2014 19:55,25.0,call,2014-11,Three
92,92,28/10/2014 06:58,34.429,data,2014-11,Tesco
94,94,28/10/2014 20:44,206.0,call,2014-11,Tesco
95,95,29/10/2014 06:58,34.429,data,2014-11,Tesco
96,96,29/10/2014 12:56,442.0,call,2014-11,Vodafone
97,97,30/10/2014 06:58,34.429,data,2014-11,Tesco
98,98,30/10/2014 14:31,463.0,call,2014-11,Vodafone
99,99,30/10/2014 19:48,4.0,call,2014-11,Vodafone
100,100,30/10/2014 20:02,4.0,call,2014-11,Meteor
101,101,31/10/2014 06:58,34.429,data,2014-11,Tesco
102,102,31/10/2014 07:46,1.0,sms,2014-11,Vodafone
103,103,31/10/2014 08:00,1.0,sms,2014-11,Vodafone
104,104,31/10/2014 13:26,5.0,call,2014-11,Three
106,106,31/10/2014 14:10,43.0,call,2014-11,Three
107,107,31/10/2014 18:29,1.0,sms,2014-11,Three
108,108,31/10/2014 18:29,1.0,sms,2014-11,Three
109,109,31/10/2014 18:30,483.0,call,2014-11,Meteor
110,110,31/10/2014 18:39,3.0,call,2014-11,Tesco
111,111,01/11/2014 06:58,34.429,data,2014-11,Tesco
113,113,01/11/2014 17:54,4.0,call,2014-11,Tesco
114,114,02/11/2014 06:58,34.429,data,2014-11,Tesco
115,115,02/11/2014 14:34,459.0,call,2014-11,Three
118,118,02/11/2014 21:42,169.0,call,2014-11,Meteor
119,119,02/11/2014 22:55,8.0,call,2014-11,Meteor
120,120,03/11/2014 06:58,34.429,data,2014-11,Tesco
121,121,03/11/2014 08:40,1.0,sms,2014-11,special
122,122,03/11/2014 10:30,135.0,call,2014-11,Three
123,123,03/11/2014 10:37,7.0,call,2014-11,Vodafone
124,124,03/11/2014 10:47,37.0,call,2014-11,Vodafone
125,125,03/11/2014 14:04,1.0,sms,2014-11,Vodafone
126,126,03/11/2014 15:27,5.0,call,2014-11,Three
127,127,03/11/2014 16:07,123.0,call,2014-11,Tesco
128,128,03/11/2014 16:10,4.0,call,2014-11,Tesco
129,129,03/11/2014 17:03,90.0,call,2014-11,Vodafone
130,130,03/11/2014 22:36,3.0,call,2014-11,Tesco
131,131,04/11/2014 06:58,34.429,data,2014-11,Tesco
132,132,04/11/2014 11:58,1.0,sms,2014-11,Vodafone
133,133,04/11/2014 11:58,1.0,sms,2014-11,Vodafone
134,134,04/11/2014 13:12,1.0,sms,2014-11,Three
135,135,04/11/2014 14:05,1.0,sms,2014-11,Three
136,136,04/11/2014 14:26,1.0,call,2014-11,Tesco
137,137,04/11/2014 14:26,98.0,call,2014-11,Tesco
138,138,04/11/2014 16:13,1.0,sms,2014-11,Three
139,139,04/11/2014 16:19,8.0,call,2014-11,Meteor
140,140,04/11/2014 16:22,9.0,call,2014-11,Meteor
141,141,04/11/2014 16:24,4.0,call,2014-11,Meteor
142,142,04/11/2014 16:34,1.0,sms,2014-11,Three
143,143,04/11/2014 16:39,1.0,sms,2014-11,Meteor
144,144,04/11/2014 16:41,1.0,sms,2014-11,Meteor
145,145,04/11/2014 16:45,1.0,sms,2014-11,Three
146,146,04/11/2014 18:26,4.0,call,2014-11,Tesco
147,147,04/11/2014 20:15,11.0,call,2014-11,Three
148,148,04/11/2014 20:15,1.0,sms,2014-11,Meteor
149,149,04/11/2014 20:15,1.0,sms,2014-11,Meteor
150,150,04/11/2014 20:16,166.0,call,2014-11,Meteor
151,151,05/11/2014 06:58,34.429,data,2014-11,Tesco
152,152,05/11/2014 10:59,55.0,call,2014-11,Three
153,153,05/11/2014 11:30,1.0,sms,2014-11,Vodafone
154,154,05/11/2014 11:43,1.0,sms,2014-11,Vodafone
155,155,05/11/2014 12:43,1.0,sms,2014-11,Vodafone
156,156,05/11/2014 19:35,29.0,call,2014-11,Vodafone
157,157,06/11/2014 01:02,1.0,sms,2014-11,Vodafone
158,158,06/11/2014 01:02,1.0,sms,2014-11,Vodafone
159,159,06/11/2014 06:58,34.429,data,2014-11,Tesco
160,160,06/11/2014 09:04,1.0,sms,2014-11,Vodafone
161,161,06/11/2014 09:05,1.0,sms,2014-11,Vodafone
162,162,06/11/2014 09:47,150.0,call,2014-11,Vodafone
163,163,06/11/2014 09:50,89.0,call,2014-11,Three
164,164,06/11/2014 09:52,75.0,call,2014-11,Meteor
165,165,06/11/2014 09:54,5.0,call,2014-11,Three
166,166,06/11/2014 11:47,8.0,call,2014-11,Vodafone
167,167,06/11/2014 14:52,1.0,sms,2014-11,Vodafone
168,168,06/11/2014 18:02,279.0,call,2014-11,Tesco
169,169,06/11/2014 18:07,452.0,call,2014-11,Vodafone
170,170,07/11/2014 06:58,34.429,data,2014-11,Tesco
172,172,07/11/2014 17:51,218.0,call,2014-11,Three
173,173,07/11/2014 21:04,1.0,sms,2014-11,Vodafone
174,174,07/11/2014 21:10,1.0,sms,2014-11,Vodafone
175,175,07/11/2014 21:12,1.0,sms,2014-11,Vodafone
176,176,07/11/2014 21:12,1.0,sms,2014-11,Vodafone
177,177,07/11/2014 21:19,1.0,sms,2014-11,Vodafone
178,178,07/11/2014 21:25,1.0,sms,2014-11,Vodafone
179,179,07/11/2014 21:31,1.0,sms,2014-11,Vodafone
180,180,07/11/2014 21:31,1.0,sms,2014-11,Vodafone
181,181,07/11/2014 22:04,1.0,sms,2014-11,Vodafone
182,182,08/11/2014 06:58,34.429,data,2014-11,Tesco
183,183,08/11/2014 16:33,41.0,call,2014-11,Three
184,184,08/11/2014 18:18,6.0,call,2014-11,Tesco
185,185,09/11/2014 01:41,1.0,sms,2014-11,Three
186,186,09/11/2014 01:49,1.0,sms,2014-11,Three
187,187,09/11/2014 01:50,1.0,sms,2014-11,Three
188,188,09/11/2014 02:04,1.0,sms,2014-11,Three
189,189,09/11/2014 06:58,34.429,data,2014-11,Tesco
190,190,09/11/2014 19:21,14.0,call,2014-11,Tesco
191,191,09/11/2014 22:09,3.0,call,2014-11,Three
192,192,10/11/2014 06:58,34.429,data,2014-11,Tesco
193,193,10/11/2014 09:29,178.0,call,2014-11,Vodafone
194,194,10/11/2014 11:36,412.0,call,2014-11,Three
195,195,10/11/2014 14:59,13.0,call,2014-11,Three
196,196,10/11/2014 15:15,459.0,call,2014-11,Three
197,197,10/11/2014 18:19,1.0,sms,2014-11,Three
198,198,10/11/2014 18:34,1.0,sms,2014-11,Three
199,199,11/11/2014 06:58,34.429,data,2014-11,Tesco
200,200,11/11/2014 09:28,3.0,call,2014-11,Vodafone
201,201,11/11/2014 11:32,3.0,call,2014-11,Vodafone
202,202,11/11/2014 11:37,1.0,sms,2014-11,Three
203,203,11/11/2014 12:39,36.0,call,2014-11,Three
204,204,11/11/2014 14:13,1.0,sms,2014-11,Meteor
205,205,11/11/2014 14:20,1.0,sms,2014-11,Meteor
206,206,11/11/2014 14:41,1.0,sms,2014-11,Meteor
207,207,11/11/2014 19:56,1.0,sms,2014-11,Three
208,208,12/11/2014 06:58,34.429,data,2014-11,Tesco
209,209,12/11/2014 10:48,1.0,sms,2014-11,Vodafone
210,210,12/11/2014 10:48,1.0,sms,2014-11,Three
211,211,12/11/2014 10:48,1.0,sms,2014-11,Vodafone
212,212,12/11/2014 10:49,1.0,sms,2014-11,Three
213,213,12/11/2014 12:04,1.0,sms,2014-11,Three
214,214,12/11/2014 13:49,1.0,sms,2014-11,Vodafone
215,215,12/11/2014 16:16,1.0,sms,2014-11,Vodafone
216,216,12/11/2014 16:19,4.0,call,2014-11,Tesco
217,217,12/11/2014 16:42,1.0,sms,2014-11,Vodafone
218,218,12/11/2014 16:42,1.0,sms,2014-11,Vodafone
219,219,12/11/2014 17:14,1.0,sms,2014-11,Vodafone
220,220,12/11/2014 17:14,1.0,sms,2014-11,Vodafone
221,221,12/11/2014 17:49,1.0,sms,2014-11,Three
222,222,12/11/2014 17:56,145.0,call,2014-11,Three
224,224,12/11/2014 19:01,7.0,call,2014-11,Vodafone
225,225,12/11/2014 19:18,1.0,sms,2014-11,Three
226,226,12/11/2014 19:18,1.0,sms,2014-11,Three
227,227,12/11/2014 19:20,1.0,sms,2014-11,Vodafone
228,228,13/11/2014 06:58,34.429,data,2014-12,Tesco
229,229,13/11/2014 22:30,1.0,sms,2014-11,Three
230,230,13/11/2014 22:31,1.0,sms,2014-11,Vodafone
231,231,14/11/2014 06:58,34.429,data,2014-12,Tesco
232,232,14/11/2014 17:24,124.0,call,2014-12,Tesco
233,233,14/11/2014 17:28,1.0,sms,2014-12,Vodafone
234,234,15/11/2014 06:58,34.429,data,2014-12,Tesco
235,235,16/11/2014 06:58,34.429,data,2014-12,Tesco
236,236,16/11/2014 14:05,4.0,call,2014-12,Vodafone
237,237,17/11/2014 06:58,34.429,data,2014-12,Tesco
238,238,18/11/2014 06:58,34.429,data,2014-12,Tesco
239,239,18/11/2014 08:22,1.0,sms,2014-12,Vodafone
240,240,18/11/2014 08:29,1.0,sms,2014-12,Vodafone
241,241,18/11/2014 08:29,1.0,sms,2014-12,Vodafone
242,242,18/11/2014 08:33,1.0,sms,2014-12,Vodafone
243,243,18/11/2014 08:34,1.0,sms,2014-12,Vodafone
244,244,18/11/2014 08:34,1.0,sms,2014-12,Vodafone
245,245,18/11/2014 08:39,1.0,sms,2014-12,Vodafone
246,246,18/11/2014 08:42,1.0,sms,2014-12,Vodafone
247,247,18/11/2014 08:45,1.0,sms,2014-12,Vodafone
248,248,18/11/2014 09:35,1.0,sms,2014-12,Vodafone
249,249,19/11/2014 06:58,34.429,data,2014-12,Tesco
250,250,19/11/2014 14:05,128.0,call,2014-12,Tesco
251,251,19/11/2014 14:11,249.0,call,2014-12,Meteor
253,253,19/11/2014 22:48,1.0,sms,2014-12,Vodafone
254,254,20/11/2014 06:58,34.429,data,2014-12,Tesco
255,255,20/11/2014 14:57,71.0,call,2014-12,Tesco
256,256,20/11/2014 14:59,56.0,call,2014-12,Three
257,257,20/11/2014 16:22,1.0,sms,2014-12,Meteor
258,258,20/11/2014 19:08,9.0,call,2014-12,Three
259,259,20/11/2014 21:03,3.0,call,2014-12,Three
260,260,20/11/2014 21:03,3.0,call,2014-12,Three
261,261,21/11/2014 00:17,17.0,call,2014-12,Tesco
262,262,21/11/2014 01:13,1.0,sms,2014-12,Vodafone
263,263,21/11/2014 06:58,34.429,data,2014-12,Tesco
264,264,21/11/2014 10:29,1.0,sms,2014-12,Meteor
265,265,21/11/2014 10:29,1.0,sms,2014-12,Meteor
266,266,21/11/2014 10:30,1.0,sms,2014-12,Meteor
267,267,21/11/2014 11:29,8.0,call,2014-12,Tesco
269,269,21/11/2014 11:49,11.0,call,2014-12,Tesco
270,270,21/11/2014 11:50,34.0,call,2014-12,Three
271,271,21/11/2014 11:50,8.0,call,2014-12,Three
272,272,21/11/2014 13:31,600.0,call,2014-12,Tesco
273,273,21/11/2014 18:07,244.0,call,2014-12,Meteor
274,274,22/11/2014 02:10,186.0,call,2014-12,Tesco
275,275,22/11/2014 06:58,34.429,data,2014-12,Tesco
276,276,22/11/2014 12:02,75.0,call,2014-12,Meteor
277,277,22/11/2014 12:10,90.0,call,2014-12,Vodafone
278,278,22/11/2014 14:30,13.0,call,2014-12,Vodafone
279,279,22/11/2014 14:33,20.0,call,2014-12,Vodafone
280,280,22/11/2014 14:34,2.0,call,2014-12,Vodafone
281,281,23/11/2014 06:58,34.429,data,2014-12,Tesco
282,282,23/11/2014 13:24,208.0,call,2014-12,Three
283,283,23/11/2014 16:10,107.0,call,2014-12,Three
284,284,23/11/2014 17:36,55.0,call,2014-12,Three
285,285,23/11/2014 17:53,5.0,call,2014-12,Three
286,286,23/11/2014 17:53,20.0,call,2014-12,Three
287,287,23/11/2014 17:54,2.0,call,2014-12,Three
288,288,24/11/2014 06:58,34.429,data,2014-12,Tesco
289,289,24/11/2014 09:40,1.0,sms,2014-12,Three
290,290,24/11/2014 12:24,4.0,call,2014-12,Meteor
291,291,25/11/2014 06:58,34.429,data,2014-12,Tesco
292,292,25/11/2014 11:25,21.0,call,2014-12,Vodafone
293,293,25/11/2014 16:09,1.0,sms,2014-12,Meteor
294,294,25/11/2014 16:19,1.0,sms,2014-12,Meteor
295,295,25/11/2014 17:10,114.0,call,2014-12,Meteor
296,296,25/11/2014 18:06,1.0,sms,2014-12,Meteor
297,297,25/11/2014 18:18,81.0,call,2014-12,Meteor
298,298,25/11/2014 18:47,174.0,call,2014-12,Tesco
299,299,25/11/2014 19:10,71.0,call,2014-12,Tesco
300,300,25/11/2014 19:20,40.0,call,2014-12,Tesco
301,301,25/11/2014 19:21,29.0,call,2014-12,Tesco
302,302,25/11/2014 19:25,37.0,call,2014-12,Tesco
303,303,25/11/2014 19:26,63.0,call,2014-12,Tesco
304,304,25/11/2014 20:39,1.0,sms,2014-12,Three
305,305,26/11/2014 06:58,34.429,data,2014-12,Tesco
306,306,26/11/2014 07:03,14.0,call,2014-12,Meteor
307,307,26/11/2014 07:15,1.0,sms,2014-12,Vodafone
308,308,26/11/2014 07:57,1.0,sms,2014-12,Vodafone
309,309,26/11/2014 07:59,4.0,call,2014-12,Three
310,310,26/11/2014 08:00,1.0,sms,2014-12,Vodafone
311,311,26/11/2014 08:13,10.0,call,2014-12,Three
312,312,26/11/2014 08:16,3.0,call,2014-12,Three
313,313,26/11/2014 08:26,3.0,call,2014-12,Three
314,314,26/11/2014 08:27,3.0,call,2014-12,Three
315,315,26/11/2014 09:01,1.0,sms,2014-12,Meteor
316,316,26/11/2014 11:53,1.0,sms,2014-12,Meteor
317,317,26/11/2014 11:54,1.0,sms,2014-12,Meteor
318,318,26/11/2014 11:54,1.0,sms,2014-12,Meteor
319,319,26/11/2014 11:56,1.0,sms,2014-12,Meteor
320,320,26/11/2014 17:48,3.0,call,2014-12,Three
321,321,27/11/2014 06:58,34.429,data,2014-12,Tesco
323,323,27/11/2014 18:38,1.0,sms,2014-12,Three
324,324,28/11/2014 06:58,34.429,data,2014-12,Tesco
325,325,28/11/2014 13:05,1.0,sms,2014-12,Three
326,326,28/11/2014 13:12,1.0,sms,2014-12,Three
327,327,28/11/2014 19:03,143.0,call,2014-12,Tesco
328,328,29/11/2014 06:58,34.429,data,2014-12,Tesco
329,329,29/11/2014 14:44,151.0,call,2014-12,Three
330,330,30/11/2014 06:58,34.429,data,2014-12,Tesco
331,331,30/11/2014 11:45,1.0,sms,2014-12,Three
332,332,30/11/2014 11:48,1.0,sms,2014-12,Three
333,333,30/11/2014 11:48,1.0,sms,2014-12,Three
334,334,30/11/2014 12:06,1.0,sms,2014-12,Three
335,335,30/11/2014 14:24,1.0,sms,2014-12,Three
336,336,30/11/2014 14:44,1.0,sms,2014-12,Three
337,337,30/11/2014 14:51,4.0,call,2014-12,Three
338,338,01/12/2014 06:58,34.429,data,2014-12,Tesco
339,339,01/12/2014 12:51,1.0,sms,2014-12,Three
340,340,01/12/2014 12:59,1.0,sms,2014-12,Three
341,341,02/12/2014 06:58,34.429,data,2014-12,Tesco
342,342,02/12/2014 11:40,526.0,call,2014-12,Meteor
343,343,03/12/2014 06:58,34.429,data,2014-12,Tesco
345,345,03/12/2014 18:10,383.0,call,2014-12,Tesco
346,346,04/12/2014 06:58,34.429,data,2014-12,Tesco
347,347,04/12/2014 13:52,6.0,call,2014-12,Vodafone
348,348,04/12/2014 15:34,37.0,call,2014-12,Three
349,349,04/12/2014 16:02,15.0,call,2014-12,Meteor
350,350,04/12/2014 23:41,71.0,call,2014-12,Tesco
351,351,05/12/2014 06:58,34.429,data,2014-12,Tesco
352,352,05/12/2014 16:49,465.0,call,2014-12,Tesco
353,353,05/12/2014 18:17,153.0,call,2014-12,Tesco
355,355,06/12/2014 06:58,34.429,data,2014-12,Tesco
356,356,06/12/2014 11:33,442.0,call,2014-12,Meteor
357,357,06/12/2014 18:25,1.0,sms,2014-12,Vodafone
358,358,06/12/2014 18:26,1.0,sms,2014-12,Tesco
359,359,06/12/2014 18:26,1.0,sms,2014-12,Vodafone
360,360,06/12/2014 18:27,1.0,sms,2014-12,world
361,361,06/12/2014 18:28,1.0,sms,2014-12,world
362,362,06/12/2014 19:40,191.0,call,2014-12,Meteor
363,363,07/12/2014 06:58,34.429,data,2014-12,Tesco
364,364,07/12/2014 13:03,99.0,call,2014-12,Tesco
365,365,07/12/2014 13:45,428.0,call,2014-12,Three
366,366,07/12/2014 14:39,3.0,call,2014-12,Three
368,368,07/12/2014 20:36,33.0,call,2014-12,Tesco
369,369,07/12/2014 20:37,120.0,call,2014-12,Three
370,370,07/12/2014 23:22,1.0,sms,2014-12,world
371,371,07/12/2014 23:22,1.0,sms,2014-12,world
372,372,08/12/2014 06:58,34.429,data,2014-12,Tesco
373,373,08/12/2014 17:38,55.0,call,2014-12,Meteor
374,374,09/12/2014 06:58,34.429,data,2014-12,Tesco
375,375,09/12/2014 18:32,28.0,call,2014-12,Tesco
376,376,10/12/2014 06:58,34.429,data,2014-12,Tesco
377,377,11/12/2014 06:58,34.429,data,2014-12,Tesco
378,378,12/12/2014 06:58,34.429,data,2014-12,Tesco
379,379,12/12/2014 11:00,112.0,call,2014-12,Vodafone
380,380,12/12/2014 18:14,52.0,call,2014-12,Vodafone
381,381,13/12/2014 06:58,34.429,data,2015-01,Tesco
382,382,13/12/2014 14:56,223.0,call,2014-12,Three
383,383,14/12/2014 02:05,14.0,call,2014-12,Tesco
384,384,14/12/2014 02:07,8.0,call,2014-12,Tesco
385,385,14/12/2014 02:09,74.0,call,2014-12,Tesco
386,386,14/12/2014 06:58,34.429,data,2015-01,Tesco
387,387,14/12/2014 15:28,59.0,call,2014-12,Tesco
388,388,14/12/2014 19:54,25.0,call,2014-12,Three
389,389,15/12/2014 06:58,34.429,data,2015-01,Tesco
390,390,15/12/2014 19:56,1.0,sms,2015-01,Three
391,391,15/12/2014 19:58,1.0,sms,2015-01,Three
392,392,15/12/2014 20:03,4.0,call,2015-01,Three
393,393,15/12/2014 20:10,1.0,sms,2015-01,Vodafone
394,394,15/12/2014 20:10,1.0,sms,2015-01,Three
395,395,15/12/2014 23:12,1.0,sms,2015-01,Three
396,396,16/12/2014 06:58,34.429,data,2015-01,Tesco
397,397,17/12/2014 06:58,34.429,data,2015-01,Tesco
399,399,17/12/2014 23:26,1.0,sms,2015-01,Vodafone
400,400,18/12/2014 06:58,34.429,data,2015-01,Tesco
401,401,18/12/2014 12:36,61.0,call,2015-01,Three
402,402,18/12/2014 15:46,268.0,call,2015-01,Meteor
403,403,18/12/2014 15:57,192.0,call,2015-01,Meteor
404,404,18/12/2014 16:10,14.0,call,2015-01,Meteor
405,405,18/12/2014 17:54,17.0,call,2015-01,Three
406,406,18/12/2014 19:05,46.0,call,2015-01,Tesco
407,407,18/12/2014 21:58,4.0,call,2015-01,Meteor
408,408,18/12/2014 21:59,4.0,call,2015-01,Meteor
409,409,19/12/2014 06:58,34.429,data,2015-01,Tesco
410,410,19/12/2014 08:57,1.0,sms,2015-01,Vodafone
411,411,19/12/2014 10:14,41.0,call,2015-01,Three
412,412,19/12/2014 12:40,3.0,call,2015-01,Three
413,413,19/12/2014 12:41,217.0,call,2015-01,Tesco
414,414,19/12/2014 12:41,18.0,call,2015-01,Three
415,415,19/12/2014 14:48,58.0,call,2015-01,Meteor
416,416,19/12/2014 16:49,48.0,call,2015-01,Tesco
417,417,19/12/2014 16:51,543.0,call,2015-01,Tesco
418,418,19/12/2014 17:00,131.0,call,2015-01,Three
419,419,19/12/2014 18:44,1.0,sms,2015-01,Vodafone
420,420,20/12/2014 06:58,34.429,data,2015-01,Tesco
421,421,20/12/2014 14:39,1.0,sms,2015-01,Tesco
422,422,20/12/2014 15:20,1.0,sms,2015-01,Tesco
423,423,20/12/2014 15:53,553.0,call,2015-01,Meteor
424,424,20/12/2014 16:09,1.0,sms,2015-01,Tesco
425,425,21/12/2014 00:05,54.0,call,2015-01,Meteor
426,426,21/12/2014 06:58,34.429,data,2015-01,Tesco
427,427,22/12/2014 06:58,34.429,data,2015-01,Tesco
428,428,22/12/2014 10:42,489.0,call,2015-01,Tesco
429,429,22/12/2014 11:22,1.0,sms,2015-01,Vodafone
430,430,22/12/2014 11:22,1.0,sms,2015-01,Meteor
431,431,22/12/2014 13:33,46.0,call,2015-01,Vodafone
432,432,22/12/2014 14:09,1.0,sms,2015-01,Vodafone
433,433,22/12/2014 14:15,47.0,call,2015-01,Vodafone
434,434,22/12/2014 18:03,1.0,sms,2015-01,Vodafone
435,435,22/12/2014 18:03,1.0,sms,2015-01,Vodafone
436,436,22/12/2014 18:03,1.0,sms,2015-01,Vodafone
437,437,22/12/2014 19:10,1.0,sms,2015-01,Vodafone
438,438,22/12/2014 19:12,566.0,call,2015-01,Tesco
439,439,22/12/2014 19:35,1.0,sms,2015-01,Meteor
440,440,22/12/2014 19:36,1.0,sms,2015-01,Meteor
442,442,23/12/2014 00:57,55.0,call,2015-01,Tesco
443,443,23/12/2014 06:58,34.429,data,2015-01,Tesco
444,444,23/12/2014 09:17,145.0,call,2015-01,Tesco
445,445,23/12/2014 11:03,40.0,call,2015-01,Tesco
446,446,23/12/2014 12:49,449.0,call,2015-01,Three
447,447,23/12/2014 15:39,1.0,sms,2015-01,Vodafone
448,448,23/12/2014 15:40,37.0,call,2015-01,Tesco
449,449,23/12/2014 15:43,1.0,sms,2015-01,Vodafone
450,450,23/12/2014 19:45,39.0,call,2015-01,Tesco
451,451,23/12/2014 20:02,28.0,call,2015-01,Tesco
452,452,23/12/2014 21:06,1.0,sms,2015-01,Vodafone
453,453,24/12/2014 06:58,34.429,data,2015-01,Tesco
454,454,24/12/2014 13:22,4.0,call,2015-01,Three
455,455,24/12/2014 13:29,234.0,call,2015-01,Tesco
456,456,24/12/2014 13:56,165.0,call,2015-01,Three
457,457,24/12/2014 13:56,3.0,call,2015-01,Three
458,458,24/12/2014 17:06,1.0,sms,2015-01,Vodafone
459,459,24/12/2014 17:07,37.0,call,2015-01,Vodafone
460,460,24/12/2014 18:44,5.0,call,2015-01,Meteor
461,461,24/12/2014 20:44,4.0,call,2015-01,Meteor
462,462,24/12/2014 23:34,1.0,sms,2015-01,Three
463,463,25/12/2014 06:58,34.429,data,2015-01,Tesco
464,464,25/12/2014 12:27,1.0,sms,2015-01,Vodafone
465,465,26/12/2014 06:58,34.429,data,2015-01,Tesco
466,466,26/12/2014 11:09,101.0,call,2015-01,Tesco
467,467,26/12/2014 11:48,1.0,sms,2015-01,Vodafone
468,468,27/12/2014 06:58,34.429,data,2015-01,Tesco
469,469,27/12/2014 22:30,1.0,sms,2015-01,Meteor
470,470,27/12/2014 22:30,1.0,sms,2015-01,Meteor
471,471,27/12/2014 22:30,1.0,sms,2015-01,Meteor
472,472,27/12/2014 22:30,1.0,sms,2015-01,Meteor
473,473,28/12/2014 06:58,34.429,data,2015-01,Tesco
474,474,29/12/2014 06:58,34.429,data,2015-01,Tesco
475,475,29/12/2014 12:09,368.0,call,2015-01,Tesco
476,476,30/12/2014 06:58,34.429,data,2015-01,Tesco
477,477,30/12/2014 11:57,1.0,sms,2015-01,Three
478,478,30/12/2014 11:57,1.0,sms,2015-01,Three
479,479,30/12/2014 12:01,1.0,sms,2015-01,Three
480,480,30/12/2014 12:01,1.0,sms,2015-01,Three
481,481,30/12/2014 12:02,1.0,sms,2015-01,Three
482,482,30/12/2014 12:03,1.0,sms,2015-01,Three
483,483,30/12/2014 12:04,1.0,sms,2015-01,Three
484,484,30/12/2014 12:04,1.0,sms,2015-01,Three
485,485,30/12/2014 12:05,1.0,sms,2015-01,Three
486,486,30/12/2014 12:05,1.0,sms,2015-01,Three
487,487,30/12/2014 12:05,1.0,sms,2015-01,Three
488,488,30/12/2014 12:05,1.0,sms,2015-01,Three
489,489,30/12/2014 12:06,1.0,sms,2015-01,Three
490,490,30/12/2014 12:10,1.0,sms,2015-01,Three
491,491,30/12/2014 12:10,1.0,sms,2015-01,Three
492,492,30/12/2014 12:10,1.0,sms,2015-01,Three
493,493,30/12/2014 12:13,1.0,sms,2015-01,Three
494,494,30/12/2014 12:14,1.0,sms,2015-01,Three
495,495,30/12/2014 12:14,1.0,sms,2015-01,Three
496,496,31/12/2014 06:58,34.429,data,2015-01,Tesco
497,497,31/12/2014 13:00,5.0,call,2015-01,Meteor
498,498,31/12/2014 13:03,358.0,call,2015-01,Meteor
499,499,31/12/2014 13:49,526.0,call,2015-01,Tesco
500,500,31/12/2014 23:05,1.0,sms,2015-01,Vodafone
501,501,31/12/2014 23:37,1.0,sms,2015-01,Vodafone
502,502,31/12/2014 23:37,1.0,sms,2015-01,Vodafone
503,503,31/12/2014 23:37,1.0,sms,2015-01,Vodafone
504,504,01/01/2015 06:58,34.429,data,2015-01,Tesco
505,505,02/01/2015 06:58,34.429,data,2015-01,Tesco
507,507,02/01/2015 23:26,1.0,sms,2015-01,Meteor
508,508,02/01/2015 23:28,1.0,sms,2015-01,Meteor
509,509,03/01/2015 06:58,34.429,data,2015-01,Tesco
510,510,03/01/2015 12:01,158.0,call,2015-01,Vodafone
511,511,04/01/2015 00:57,104.0,call,2015-01,Three
512,512,04/01/2015 06:58,34.429,data,2015-01,Tesco
513,513,04/01/2015 14:20,3.0,call,2015-01,Vodafone
514,514,04/01/2015 14:31,6.0,call,2015-01,Vodafone
515,515,04/01/2015 14:32,41.0,call,2015-01,Vodafone
516,516,05/01/2015 06:58,34.429,data,2015-01,Tesco
517,517,05/01/2015 09:49,56.0,call,2015-01,Tesco
518,518,05/01/2015 09:51,128.0,call,2015-01,Tesco
519,519,05/01/2015 10:10,77.0,call,2015-01,Three
520,520,05/01/2015 10:25,5.0,call,2015-01,Three
521,521,05/01/2015 10:25,1.0,sms,2015-01,Three
522,522,05/01/2015 10:52,1.0,sms,2015-01,Three
523,523,05/01/2015 10:56,144.0,call,2015-01,Tesco
524,524,05/01/2015 11:58,99.0,call,2015-01,Meteor
525,525,05/01/2015 14:29,60.0,call,2015-01,Tesco
527,527,05/01/2015 17:22,36.0,call,2015-01,Tesco
529,529,06/01/2015 06:58,34.429,data,2015-01,Tesco
530,530,06/01/2015 09:04,1.0,sms,2015-01,Three
531,531,06/01/2015 09:04,1.0,sms,2015-01,Three
532,532,06/01/2015 13:28,16.0,call,2015-01,Meteor
533,533,06/01/2015 13:29,295.0,call,2015-01,Vodafone
534,534,06/01/2015 13:55,1.0,sms,2015-01,Vodafone
535,535,06/01/2015 19:17,106.0,call,2015-01,Meteor
536,536,06/01/2015 20:40,29.0,call,2015-01,Vodafone
537,537,07/01/2015 06:58,34.429,data,2015-01,Tesco
538,538,07/01/2015 09:28,1.0,sms,2015-01,Vodafone
539,539,07/01/2015 21:20,1.0,sms,2015-01,Vodafone
540,540,07/01/2015 21:20,1.0,sms,2015-01,Vodafone
541,541,08/01/2015 06:58,34.429,data,2015-01,Tesco
542,542,08/01/2015 15:02,4.0,call,2015-01,Meteor
543,543,08/01/2015 15:10,3.0,call,2015-01,Meteor
544,544,08/01/2015 15:10,23.0,call,2015-01,Meteor
545,545,08/01/2015 20:15,290.0,call,2015-01,Tesco
546,546,08/01/2015 20:26,1.0,sms,2015-01,Vodafone
547,547,08/01/2015 20:30,12.0,call,2015-01,Tesco
549,549,08/01/2015 22:41,1.0,sms,2015-01,Vodafone
550,550,08/01/2015 22:41,1.0,sms,2015-01,Vodafone
551,551,08/01/2015 22:52,1.0,sms,2015-01,Vodafone
552,552,08/01/2015 22:52,1.0,sms,2015-01,Vodafone
553,553,08/01/2015 23:06,1.0,sms,2015-01,Vodafone
554,554,08/01/2015 23:06,1.0,sms,2015-01,Vodafone
555,555,09/01/2015 06:58,34.429,data,2015-01,Tesco
556,556,09/01/2015 09:25,1.0,sms,2015-01,Meteor
557,557,09/01/2015 09:43,33.0,call,2015-01,Three
558,558,09/01/2015 10:07,4.0,call,2015-01,Vodafone
559,559,09/01/2015 17:32,57.0,call,2015-01,Vodafone
560,560,10/01/2015 06:58,34.429,data,2015-01,Tesco
561,561,10/01/2015 14:10,2.0,call,2015-01,Three
562,562,10/01/2015 14:36,6.0,call,2015-01,Vodafone
563,563,10/01/2015 14:44,398.0,call,2015-01,Vodafone
564,564,10/01/2015 15:58,412.0,call,2015-01,Meteor
565,565,10/01/2015 16:57,568.0,call,2015-01,Three
566,566,10/01/2015 21:16,1.0,sms,2015-01,Vodafone
567,567,10/01/2015 21:16,1.0,sms,2015-01,Vodafone
568,568,11/01/2015 06:58,34.429,data,2015-01,Tesco
569,569,11/01/2015 13:29,1.0,sms,2015-01,Vodafone
570,570,11/01/2015 13:54,201.0,call,2015-01,Three
571,571,12/01/2015 06:58,34.429,data,2015-01,Tesco
572,572,12/01/2015 12:01,18.0,call,2015-01,Meteor
573,573,12/01/2015 12:01,7.0,call,2015-01,Meteor
574,574,12/01/2015 18:23,4.0,call,2015-01,Three
575,575,12/01/2015 18:26,1.0,sms,2015-01,Vodafone
576,576,12/01/2015 18:26,1.0,sms,2015-01,Vodafone
577,577,13/01/2015 06:58,34.429,data,2015-02,Tesco
578,578,13/01/2015 15:04,503.0,call,2015-01,Three
579,579,13/01/2015 19:09,1.0,sms,2015-01,Three
580,580,13/01/2015 19:44,1.0,sms,2015-01,Three
581,581,13/01/2015 19:44,1.0,sms,2015-01,Three
582,582,13/01/2015 19:57,1.0,sms,2015-01,Vodafone
583,583,13/01/2015 19:57,1.0,sms,2015-01,Vodafone
584,584,13/01/2015 19:58,105.0,call,2015-01,Tesco
585,585,13/01/2015 20:00,466.0,call,2015-01,Tesco
586,586,14/01/2015 06:58,34.429,data,2015-02,Tesco
587,587,14/01/2015 17:15,13.0,call,2015-01,Tesco
588,588,14/01/2015 19:16,397.0,call,2015-01,Three
589,589,14/01/2015 20:47,36.0,call,2015-01,Three
590,590,14/01/2015 23:34,1.0,sms,2015-01,Vodafone
591,591,14/01/2015 23:34,1.0,sms,2015-01,Vodafone
592,592,14/01/2015 23:35,1.0,sms,2015-01,Three
593,593,14/01/2015 23:36,1.0,sms,2015-01,Three
594,594,15/01/2015 06:58,34.429,data,2015-02,Tesco
595,595,15/01/2015 10:36,28.0,call,2015-02,Three
596,596,15/01/2015 12:23,1.0,sms,2015-02,special
597,597,15/01/2015 17:22,168.0,call,2015-02,Tesco
598,598,16/01/2015 06:58,34.429,data,2015-02,Tesco
599,599,16/01/2015 09:45,1.0,call,2015-02,Meteor
600,600,16/01/2015 09:56,61.0,call,2015-02,Meteor
601,601,16/01/2015 10:17,14.0,call,2015-02,Three
602,602,16/01/2015 10:25,20.0,call,2015-02,Three
603,603,16/01/2015 17:46,411.0,call,2015-02,Tesco
604,604,16/01/2015 18:07,1.0,sms,2015-02,Vodafone
605,605,16/01/2015 18:07,1.0,sms,2015-02,Vodafone
606,606,16/01/2015 18:07,1.0,sms,2015-02,Vodafone
607,607,16/01/2015 18:07,1.0,sms,2015-02,Vodafone
608,608,16/01/2015 18:07,1.0,sms,2015-02,Three
609,609,16/01/2015 18:07,1.0,sms,2015-02,Three
610,610,17/01/2015 06:58,34.429,data,2015-02,Tesco
611,611,17/01/2015 18:50,78.0,call,2015-02,Three
612,612,17/01/2015 21:59,82.0,call,2015-02,Tesco
613,613,18/01/2015 06:58,34.429,data,2015-02,Tesco
614,614,18/01/2015 16:27,478.0,call,2015-02,Three
616,616,19/01/2015 06:58,34.429,data,2015-02,Tesco
617,617,19/01/2015 12:44,1.0,sms,2015-02,Vodafone
618,618,19/01/2015 19:57,103.0,call,2015-02,Tesco
619,619,19/01/2015 20:08,53.0,call,2015-02,Tesco
620,620,19/01/2015 20:14,38.0,call,2015-02,Tesco
621,621,20/01/2015 06:58,34.429,data,2015-02,Tesco
622,622,20/01/2015 15:08,1.0,sms,2015-02,Vodafone
623,623,20/01/2015 19:49,1.0,sms,2015-02,Vodafone
624,624,20/01/2015 20:23,1.0,sms,2015-02,Vodafone
625,625,21/01/2015 06:58,34.429,data,2015-02,Tesco
626,626,21/01/2015 10:13,48.0,call,2015-02,Three
627,627,21/01/2015 14:36,93.0,call,2015-02,Tesco
628,628,21/01/2015 14:44,1.0,sms,2015-02,Vodafone
629,629,21/01/2015 15:56,27.0,call,2015-02,Tesco
630,630,21/01/2015 15:57,265.0,call,2015-02,Three
633,633,21/01/2015 19:59,491.0,call,2015-02,Vodafone
634,634,22/01/2015 06:58,34.429,data,2015-02,Tesco
635,635,22/01/2015 18:59,41.0,call,2015-02,Tesco
637,637,23/01/2015 06:58,34.429,data,2015-02,Tesco
638,638,23/01/2015 12:56,29.0,call,2015-02,Tesco
639,639,23/01/2015 14:32,200.0,call,2015-02,Tesco
640,640,23/01/2015 15:09,129.0,call,2015-02,Three
641,641,23/01/2015 15:22,1.0,sms,2015-02,Vodafone
642,642,23/01/2015 15:24,1.0,sms,2015-02,Vodafone
643,643,23/01/2015 15:37,1.0,sms,2015-02,Vodafone
644,644,23/01/2015 21:22,206.0,call,2015-02,Tesco
645,645,24/01/2015 06:58,34.429,data,2015-02,Tesco
646,646,25/01/2015 06:58,34.429,data,2015-02,Tesco
647,647,25/01/2015 09:16,4.0,call,2015-02,Vodafone
649,649,26/01/2015 06:58,34.429,data,2015-02,Tesco
650,650,26/01/2015 16:54,104.0,call,2015-02,Three
651,651,26/01/2015 17:15,501.0,call,2015-02,Three
652,652,27/01/2015 06:58,34.429,data,2015-02,Tesco
653,653,27/01/2015 09:36,37.0,call,2015-02,Three
654,654,27/01/2015 10:55,36.0,call,2015-02,Meteor
655,655,28/01/2015 06:58,34.429,data,2015-02,Tesco
656,656,28/01/2015 09:44,8.0,call,2015-02,Vodafone
657,657,28/01/2015 10:02,7.0,call,2015-02,Tesco
658,658,28/01/2015 15:53,272.0,call,2015-02,Tesco
659,659,29/01/2015 06:58,34.429,data,2015-02,Tesco
660,660,29/01/2015 11:35,1.0,sms,2015-02,Vodafone
661,661,29/01/2015 11:50,1.0,sms,2015-02,Vodafone
662,662,29/01/2015 17:11,255.0,call,2015-02,Tesco
663,663,29/01/2015 17:19,1.0,sms,2015-02,Vodafone
664,664,29/01/2015 17:58,362.0,call,2015-02,Three
665,665,29/01/2015 18:05,100.0,call,2015-02,Tesco
666,666,29/01/2015 19:27,74.0,call,2015-02,Tesco
667,667,30/01/2015 06:58,34.429,data,2015-02,Tesco
668,668,30/01/2015 19:43,33.0,call,2015-02,Tesco
669,669,30/01/2015 19:56,45.0,call,2015-02,Tesco
670,670,31/01/2015 06:58,34.429,data,2015-02,Tesco
671,671,31/01/2015 12:48,31.0,call,2015-02,Tesco
672,672,31/01/2015 13:14,7.0,call,2015-02,Vodafone
673,673,01/02/2015 06:58,34.429,data,2015-02,Tesco
674,674,01/02/2015 13:33,103.0,call,2015-02,Tesco
675,675,02/02/2015 06:58,34.429,data,2015-02,Tesco
676,676,02/02/2015 17:11,280.0,call,2015-02,Tesco
677,677,02/02/2015 17:16,183.0,call,2015-02,Tesco
678,678,02/02/2015 17:35,1.0,sms,2015-02,Tesco
679,679,02/02/2015 17:35,1.0,sms,2015-02,Tesco
680,680,02/02/2015 17:35,1.0,sms,2015-02,Three
681,681,02/02/2015 17:35,1.0,sms,2015-02,Three
682,682,02/02/2015 18:17,7.0,call,2015-02,Tesco
683,683,03/02/2015 06:58,34.429,data,2015-02,Tesco
684,684,03/02/2015 14:45,6.0,call,2015-02,Three
685,685,04/02/2015 06:58,34.429,data,2015-02,Tesco
686,686,04/02/2015 12:36,21.0,call,2015-02,Tesco
687,687,04/02/2015 14:52,227.0,call,2015-02,Tesco
688,688,04/02/2015 17:04,1.0,sms,2015-02,special
689,689,05/02/2015 06:58,34.429,data,2015-02,Tesco
690,690,05/02/2015 13:37,62.0,call,2015-02,Tesco
691,691,05/02/2015 13:38,91.0,call,2015-02,Tesco
692,692,06/02/2015 06:58,34.429,data,2015-02,Tesco
693,693,06/02/2015 10:36,24.0,call,2015-02,Tesco
694,694,06/02/2015 10:37,128.0,call,2015-02,Vodafone
695,695,06/02/2015 18:39,23.0,call,2015-02,Three
696,696,06/02/2015 18:41,51.0,call,2015-02,Three
697,697,07/02/2015 06:58,34.429,data,2015-02,Tesco
698,698,07/02/2015 09:48,1.0,sms,2015-02,Vodafone
699,699,07/02/2015 09:48,1.0,sms,2015-02,Vodafone
700,700,07/02/2015 10:03,119.0,call,2015-02,Vodafone
701,701,07/02/2015 11:13,1.0,sms,2015-02,Vodafone
702,702,07/02/2015 11:37,4.0,call,2015-02,Three
703,703,07/02/2015 15:04,1.0,sms,2015-02,Vodafone
704,704,07/02/2015 16:06,1.0,sms,2015-02,Three
705,705,07/02/2015 16:11,1.0,sms,2015-02,Three
706,706,07/02/2015 16:11,1.0,sms,2015-02,Three
707,707,07/02/2015 16:16,1.0,sms,2015-02,Three
708,708,07/02/2015 16:27,141.0,call,2015-02,Tesco
710,710,07/02/2015 17:56,121.0,call,2015-02,Tesco
711,711,07/02/2015 18:23,2.0,call,2015-02,Three
712,712,07/02/2015 22:18,1.0,sms,2015-02,Three
713,713,07/02/2015 22:30,1.0,sms,2015-02,Three
714,714,07/02/2015 22:30,1.0,sms,2015-02,Three
715,715,08/02/2015 06:58,34.429,data,2015-02,Tesco
716,716,08/02/2015 20:54,80.0,call,2015-02,Tesco
717,717,09/02/2015 06:58,34.429,data,2015-02,Tesco
720,720,09/02/2015 17:54,89.0,call,2015-02,Three
721,721,09/02/2015 18:32,1.0,sms,2015-02,Vodafone
722,722,09/02/2015 22:54,1.0,sms,2015-02,Meteor
723,723,10/02/2015 00:24,1.0,sms,2015-02,Vodafone
724,724,10/02/2015 00:24,1.0,sms,2015-02,Vodafone
725,725,10/02/2015 06:58,34.429,data,2015-02,Tesco
726,726,10/02/2015 21:40,1.0,sms,2015-02,Vodafone
727,727,11/02/2015 06:58,34.429,data,2015-02,Tesco
728,728,12/02/2015 06:58,34.429,data,2015-02,Tesco
729,729,12/02/2015 20:15,69.0,call,2015-03,Tesco
730,730,12/02/2015 20:51,86.0,call,2015-03,Tesco
731,731,13/02/2015 06:58,34.429,data,2015-03,Tesco
732,732,13/02/2015 10:58,451.0,call,2015-03,Vodafone
733,733,13/02/2015 21:13,8.0,call,2015-03,Vodafone
734,734,14/02/2015 06:58,34.429,data,2015-03,Tesco
735,735,14/02/2015 15:40,106.0,call,2015-03,Three
736,736,14/02/2015 16:06,148.0,call,2015-03,Tesco
737,737,15/02/2015 06:58,34.429,data,2015-03,Tesco
738,738,15/02/2015 18:44,21.0,call,2015-03,Tesco
739,739,16/02/2015 06:58,34.429,data,2015-03,Tesco
740,740,17/02/2015 06:58,34.429,data,2015-03,Tesco
741,741,17/02/2015 15:59,24.0,call,2015-03,Meteor
743,743,18/02/2015 06:58,34.429,data,2015-03,Tesco
744,744,18/02/2015 18:49,165.0,call,2015-03,Tesco
745,745,18/02/2015 19:56,94.0,call,2015-03,Three
746,746,19/02/2015 06:58,34.429,data,2015-03,Tesco
747,747,19/02/2015 18:46,1.0,sms,2015-03,Vodafone
748,748,19/02/2015 22:00,1.0,sms,2015-03,Vodafone
749,749,19/02/2015 22:00,1.0,sms,2015-03,Vodafone
750,750,19/02/2015 22:00,1.0,sms,2015-03,Vodafone
751,751,20/02/2015 06:58,34.429,data,2015-03,Tesco
752,752,20/02/2015 13:45,68.0,call,2015-03,Vodafone
753,753,21/02/2015 06:58,34.429,data,2015-03,Tesco
754,754,22/02/2015 06:58,34.429,data,2015-03,Tesco
755,755,23/02/2015 06:58,34.429,data,2015-03,Tesco
756,756,23/02/2015 20:49,182.0,call,2015-03,Tesco
757,757,24/02/2015 06:58,34.429,data,2015-03,Tesco
758,758,24/02/2015 10:05,107.0,call,2015-03,Tesco
759,759,24/02/2015 13:32,1.0,sms,2015-03,Three
760,760,24/02/2015 13:32,1.0,sms,2015-03,Three
761,761,25/02/2015 06:58,34.429,data,2015-03,Tesco
762,762,25/02/2015 12:56,117.0,call,2015-03,Tesco
763,763,25/02/2015 12:58,129.0,call,2015-03,Vodafone
764,764,25/02/2015 13:15,356.0,call,2015-03,Three
765,765,25/02/2015 13:21,1.0,sms,2015-03,Tesco
766,766,25/02/2015 13:22,1.0,sms,2015-03,Tesco
767,767,25/02/2015 13:22,1.0,sms,2015-03,Tesco
768,768,25/02/2015 13:22,1.0,sms,2015-03,Tesco
769,769,25/02/2015 13:26,194.0,call,2015-03,Tesco
770,770,25/02/2015 13:46,229.0,call,2015-03,Tesco
771,771,25/02/2015 15:45,32.0,call,2015-03,Vodafone
772,772,26/02/2015 06:58,34.429,data,2015-03,Tesco
773,773,26/02/2015 16:38,570.0,call,2015-03,Vodafone
774,774,26/02/2015 22:34,29.0,call,2015-03,Tesco
775,775,27/02/2015 06:58,34.429,data,2015-03,Tesco
776,776,27/02/2015 13:50,27.0,call,2015-03,Three
777,777,27/02/2015 14:33,107.0,call,2015-03,Three
778,778,27/02/2015 14:36,128.0,call,2015-03,Vodafone
779,779,28/02/2015 06:58,34.429,data,2015-03,Tesco
780,780,28/02/2015 14:09,335.0,call,2015-03,Tesco
781,781,28/02/2015 14:57,49.0,call,2015-03,Meteor
782,782,28/02/2015 15:09,5.0,call,2015-03,Three
783,783,28/02/2015 15:49,305.0,call,2015-03,Tesco
784,784,28/02/2015 16:00,207.0,call,2015-03,Tesco
785,785,28/02/2015 17:13,11.0,call,2015-03,Tesco
786,786,28/02/2015 17:14,3.0,call,2015-03,Tesco
787,787,28/02/2015 17:17,33.0,call,2015-03,Tesco
788,788,28/02/2015 21:25,357.0,call,2015-03,Three
789,789,28/02/2015 21:55,1.0,sms,2015-03,Vodafone
790,790,28/02/2015 22:39,1.0,sms,2015-03,Three
791,791,01/03/2015 06:58,34.429,data,2015-03,Tesco
792,792,01/03/2015 12:19,9.0,call,2015-03,Meteor
793,793,02/03/2015 06:58,34.429,data,2015-03,Tesco
794,794,02/03/2015 09:19,1.0,sms,2015-03,Vodafone
795,795,02/03/2015 09:19,1.0,sms,2015-03,Vodafone
796,796,02/03/2015 09:23,1.0,sms,2015-03,Vodafone
797,797,02/03/2015 09:30,1.0,sms,2015-03,Vodafone
798,798,02/03/2015 09:30,1.0,sms,2015-03,Vodafone
799,799,02/03/2015 13:07,463.0,call,2015-03,Three
800,800,02/03/2015 14:53,2.0,call,2015-03,Tesco
801,801,02/03/2015 14:54,93.0,call,2015-03,Tesco
802,802,02/03/2015 17:35,192.0,call,2015-03,Meteor
803,803,02/03/2015 20:48,34.0,call,2015-03,Tesco
804,804,03/03/2015 06:58,34.429,data,2015-03,Tesco
805,805,03/03/2015 09:57,76.0,call,2015-03,Tesco
806,806,03/03/2015 09:59,355.0,call,2015-03,Three
808,808,03/03/2015 10:27,57.0,call,2015-03,Vodafone
811,811,04/03/2015 06:58,34.429,data,2015-03,Tesco
812,812,04/03/2015 07:02,1.0,sms,2015-03,Vodafone
813,813,04/03/2015 07:16,1.0,sms,2015-03,Vodafone
814,814,04/03/2015 10:30,1.0,sms,2015-03,Three
815,815,04/03/2015 10:30,1.0,sms,2015-03,Three
817,817,05/03/2015 06:58,34.429,data,2015-03,Tesco
818,818,06/03/2015 06:58,34.429,data,2015-03,Tesco
819,819,07/03/2015 06:58,34.429,data,2015-03,Tesco
820,820,08/03/2015 06:58,34.429,data,2015-03,Tesco
821,821,09/03/2015 06:58,34.429,data,2015-03,Tesco
822,822,10/03/2015 06:58,34.429,data,2015-03,Tesco
823,823,11/03/2015 06:58,34.429,data,2015-03,Tesco
824,824,12/03/2015 06:58,34.429,data,2015-03,Tesco
825,825,13/03/2015 00:38,1.0,sms,2015-03,world
826,826,13/03/2015 00:39,1.0,sms,2015-03,Vodafone
827,827,13/03/2015 06:58,34.429,data,2015-03,Tesco
828,828,14/03/2015 00:13,1.0,sms,2015-03,world
829,829,14/03/2015 00:16,1.0,sms,2015-03,world
